<?xml version="1.0" encoding="UTF-8"?>
<project-private xmlns="http://www.netbeans.org/ns/project-private/1">
    <editor-bookmarks xmlns="http://www.netbeans.org/ns/editor-bookmarks/2" lastBookmarkId="0"/>
    <open-files xmlns="http://www.netbeans.org/ns/projectui-open-files/2">
        <group>
            <file>file:/C:/Users/Madan201/Documents/NetBeansProjects/Dictionary/web/dictionary.js</file>
            <file>file:/C:/Users/Madan201/Documents/NetBeansProjects/Dictionary/web/dictionary.css</file>
            <file>file:/C:/Users/Madan201/Documents/NetBeansProjects/Dictionary/web/index.html</file>
            <file>file:/C:/Users/Madan201/Documents/NetBeansProjects/Dictionary/src/java/com/DictionaryServlet.java</file>
            <file>file:/C:/Users/Madan201/Documents/NetBeansProjects/Dictionary/src/java/com/DBConnection.java</file>
        </group>
    </open-files>
</project-private>
